month,North,South,East,West
2024-01,26401,42439,18987,23430
2024-02,27959,44044,21798,24817
2024-03,29992,44643,23229,28130
2024-04,30141,48604,22688,28279
2024-05,31570,50933,24669,28297
2024-06,29100,47912,23745,26430
2024-07,25242,38234,19730,22239
2024-08,25672,38652,20071,22905
2024-09,31432,49153,25677,27895
2024-10,32960,51964,27957,29419
2024-11,36433,58689,30932,32012
2024-12,42771,65348,34649,37125
2025-01,27783,43743,23565,24193
2025-02,28259,47132,24533,24642
2025-03,31697,49179,27580,27756
2025-04,33166,51038,27459,28000
2025-05,32224,53050,29262,30295
2025-06,31033,49592,28072,27911
2025-07,24925,40014,24653,22934
2025-08,24890,40742,24613,22886
2025-09,31619,54632,29891,28649
2025-10,34985,52643,32369,31369
2025-11,36235,60480,36570,32440
2025-12,44756,69670,40230,38832
